id,name,pen_name,gender,genre,age
1,Deloris Mellers,La Follette,F,Comedy|Romance,55
2,Zak Cases,Dakota,O,Action|Crime,97
3,Waverley Faiers,Ramsey,O,Adventure|Children,55
4,Daffie Grouse,Tomscot,O,Drama,68
5,Chloe Glantz,Boyd,F,Action|Adventure|Fantasy,53
6,Alexis Dale,Hovde,O,Comedy|Drama,20
7,Corie Mortimer,Becker,M,Comedy|Romance,44
8,Emmye Florentine,Boyd,M,Adventure|Drama,84
9,Jasper Fallen,Miller,F,Horror|Romance|Thriller,80
10,Marcia Grinnell,Warner,O,Romance,85
11,Marna McAllaster,Moulton,M,Comedy|Romance,99
12,Chet Kalkofer,Basil,O,Action|Comedy|Thriller,91
13,Gordan Varah,Brentwood,O,Drama,74
14,Ginnie Servis,Bunting,M,Documentary,51
15,Wat Di Lucia,Mitchell,O,Comedy,86
16,Mimi Oxenham,Dawn,O,Drama|Film-Noir,37
17,Madeleine Kira,Hermina,O,Drama,43
18,Jonis Bothie,Bashford,F,Documentary|IMAX,66
19,Lazaro Tremathack,Barby,F,Adventure|Drama,61
20,Willyt Deverill,East,O,Comedy|Documentary,15
21,Nestor McKerrow,Colorado,M,Documentary,52
22,Artus Szachniewicz,Golf View,O,Action|Adventure|Romance,39
23,Dulsea Elintune,Beilfuss,O,Comedy|Drama|Romance,44
24,Egon Hovington,Vermont,F,Crime,26
25,Silvano Paroni,Gina,F,Documentary,68
26,Floyd Shenton,Elgar,M,Comedy,91
27,Bridgette Colaton,Corry,F,Documentary|Musical,83
28,Son Coneley,Summit,M,Drama,43
29,Sayre Kliner,Delladonna,F,Adventure|Sci-Fi,80
30,Eadmund Ishaki,Doe Crossing,F,Comedy|Horror,63
31,Lu Doornbos,Kropf,O,Comedy|Romance,63
32,Stephi Robatham,Carioca,O,Drama,71
33,Giacomo Schimon,Dorton,F,Comedy|Romance,32
34,Cecil Bison,Utah,O,Comedy|Drama,35
35,Daniel Ganderton,Toban,M,Drama,18
36,Christy Conkling,Scott,O,Drama|War,79
37,Valaria Biddiss,Grover,F,Drama|War,31
38,Sean Gamell,Thierer,F,Drama|Thriller,62
39,Georgena Larver,Manufacturers,F,Western,20
40,Sherie Matschke,Nobel,O,Drama,65
41,Julio Aherne,Saint Paul,O,Adventure|Children|Drama|Sci-Fi,78
42,Laurence Janczyk,Morrow,M,Drama,76
43,Jenelle Vine,Nancy,O,Drama,30
44,Gage Scolland,Grayhawk,O,Children|Comedy,31
45,Nana Bartholat,Buell,O,Comedy|Mystery|Romance|Western,93
46,Esther Adds,Schiller,F,Comedy,73
47,Jerald Argo,Grover,O,Action|Comedy|Drama|Thriller,33
48,Brunhilda Torfin,Buena Vista,O,Drama|War,37
49,Saraann Bestwick,Shelley,O,Horror|Thriller,55
50,Alain Loyndon,Judy,O,Drama,24
51,Kelci Rankling,Hoepker,O,Comedy|Drama,39
52,Giuseppe Creus,Elmside,F,Drama|War,66
53,Sterling Nanninini,Springs,F,Drama|War,58
54,Leonidas Gillie,Warbler,M,Horror|Mystery|Thriller,25
55,Brear Robuchon,Armistice,M,Drama,88
56,Stefan Gianolo,Gerald,O,Drama|Romance,26
57,Stanislas Craghead,Bobwhite,F,Crime|Drama|Thriller,56
58,Blanche Duckwith,Clarendon,M,Drama,54
59,Gilbertina Jovic,Pawling,F,Adventure|Children|Drama,85
60,Vonnie Taree,Barby,O,Drama|Sci-Fi,31
61,Uriel De La Coste,Goodland,O,Adventure|Animation|Children,16
62,Juditha Warlow,Pawling,M,Action|Crime|Thriller,42
63,Symon Smowton,Reindahl,M,Action|Crime,34
64,Ruggiero Goullee,Quincy,M,Drama,73
65,Celina Philipsen,Del Mar,O,Drama,36
66,Micaela Pulman,Goodland,M,Drama,88
67,Marietta Plak,Mandrake,F,Action|Drama|War,33
68,Alexandre Godbolt,Heath,M,Horror,88
69,Lorrie Boddymead,South,O,Action|Drama|Sci-Fi|IMAX,92
70,Chandal Choke,Macpherson,F,Documentary|Musical,60
71,Edlin Geddis,Basil,F,Drama,22
72,Erl Fidelus,Vernon,O,Documentary,56
73,Cy Overshott,Moose,O,Action|Adventure|Sci-Fi|Thriller,30
74,Maxy Kibbey,Sycamore,O,Comedy,22
75,Editha Noli,Transport,F,Action|Adventure|Sci-Fi,54
76,Chet Rich,Hayes,F,Documentary,42
77,Sashenka O'Loughlin,Kipling,F,Action|Animation|Fantasy,26
78,Lars Stowte,Raven,M,Crime|Drama|Film-Noir,64
79,Dari Castanone,Arapahoe,M,Comedy,27
80,Ailis Cardenoso,Butterfield,M,Comedy,33
81,Jarred MacCumiskey,Merrick,F,Thriller,39
82,Matthiew Bernaldo,Burning Wood,O,Documentary,17
83,Rinaldo Crosfeld,Calypso,F,Drama,18
84,Cesar Hansom,Buena Vista,O,Drama,38
85,Rhea Bantock,Sherman,O,Documentary,36
86,Cody Windrum,Eliot,O,Action|Adventure|Animation|Comedy|Fantasy|Mystery|Sci-Fi,77
87,Noelle Lardnar,Algoma,O,Comedy,23
88,Ryley Bateup,Vera,F,Action|Crime|Drama,42
89,Gardner Jukubczak,Mcbride,M,Drama,29
90,Kirbee Lippatt,Lakewood Gardens,F,Action|Drama|War,97
91,Ilyse Cant,Pond,F,Children|Comedy|Fantasy|Horror,35
92,Merola Gulliman,Service,M,Drama|Romance,96
93,Shayne Rawlcliffe,Moose,O,Comedy|Drama,30
94,Brander Limrick,Ryan,M,Action|Drama,98
95,Christel Ettery,Tony,O,Drama,24
96,Dian McClinton,Veith,O,Horror|Thriller,64
97,Mano Hedlestone,Sommers,M,Drama|Thriller,93
98,Robbie MacVaugh,Maple,O,Documentary,66
99,Janeta Duigenan,Hagan,O,Drama|Horror|Thriller,25
100,Onfre Gumery,Merrick,O,Action|Comedy,50
101,Shelbi Myhan,6th,O,Adventure|Comedy|Drama,62
102,Friedrick Rustadge,Cody,F,Horror|Thriller,78
103,Leeann Rainer,Prairieview,O,Comedy|Fantasy,77
104,Fidel Boyington,Granby,F,Drama,32
105,Tadd Stormes,Kennedy,O,Comedy|Drama|Romance,96
106,Ambrosius Druitt,Jackson,M,Thriller,81
107,Sonni Molesworth,Algoma,F,Drama|War,41
108,Zitella Binfield,Paget,F,Comedy,81
109,Elise Coode,Bluejay,M,Sci-Fi,55
110,Glennis Gerardin,Carey,F,Drama,68
111,Melicent Buttrick,Commercial,O,Drama|Romance,22
112,Kristal Dillaway,Brown,M,Comedy|Drama|Romance,48
113,Joe Sherwill,Dwight,M,Drama,72
114,Rozamond Nend,Pennsylvania,O,Drama,27
115,Jodie Keenor,Hudson,O,Drama|Thriller,58
116,Shadow Parrot,Holmberg,O,Comedy|Drama,66
117,Merissa Hume,Pennsylvania,O,Documentary,83
118,Gery Lindores,Maple Wood,M,Comedy|Crime,88
119,Annabel Eddoes,Miller,M,Documentary,35
120,Gray Catcheside,Hanson,M,Comedy|Musical,61
121,Alfie Stormont,Karstens,F,Drama,18
122,Franciska Rangell,Spaight,M,Action|Fantasy|Horror|Mystery|Sci-Fi|Thriller,100
123,Gretel McGawn,Oneill,O,Drama,56
124,Meara Huncoot,Anniversary,M,Drama|Fantasy,43
125,Reeta Gamlin,Meadow Valley,M,Crime|Drama|Thriller,69
126,Brittney Reveley,Merry,O,Drama,44
127,Nevile Limpenny,Donald,O,Comedy|Drama,44
128,Edythe Jubert,Elka,M,Horror|Mystery|Sci-Fi|Thriller,86
129,Toddy Yearby,Ronald Regan,O,Drama,88
130,Aimil Rosiello,Evergreen,M,Crime|Drama|Thriller,19
131,Padriac Matuszak,Blaine,O,Drama|Romance,48
132,Katerine De Blase,Main,F,Comedy,56
133,Man Dusting,Melvin,F,Horror,19
134,Frederic Armfirld,Esch,M,Action|Comedy,94
135,Giff Broke,Blue Bill Park,M,Comedy|Drama,88
136,Ellsworth Greensite,Tennessee,O,Horror|Sci-Fi|Thriller,95
137,Leeann Beacom,Becker,M,Action|Adventure|Sci-Fi,19
138,Francesca Pendrid,Derek,M,Crime|Drama|Romance|War,87
139,Lucio Ollet,Pearson,F,Drama|Horror|Thriller,41
140,Queenie Avarne,Moland,O,Adventure|Comedy|Fantasy|Horror,90
141,Paolo Nazer,Sauthoff,O,Comedy|Drama,61
142,Jacobo Garmans,Elka,O,Drama|Thriller,52
143,Tobye Mawditt,Schiller,F,Drama|Romance,52
144,Ranique Warder,Center,O,Documentary,35
145,Wynny De Bruyne,Pond,O,Drama,65
146,Angelle Pinson,Blue Bill Park,M,Action|Crime|Drama,90
147,Josee Weerdenburg,Northport,M,Drama,44
148,Odette Shapcote,Mockingbird,O,Comedy,16
149,Dorita MacInherney,Fairview,F,Children|Comedy|Musical,41
150,Bondie Cornu,Lakewood,M,Comedy|Drama,27
151,Grantham McOwan,Schmedeman,F,Drama|Thriller,41
152,Eugenia Suter,Doe Crossing,F,Crime|Drama,56
153,Mike Lowdham,Vahlen,O,Comedy|Drama,49
154,Natty Echlin,Banding,M,Drama|Fantasy|Sci-Fi|Thriller,56
155,Karyn Bromhead,Tony,O,Comedy|Horror,27
156,Carmon Elgar,East,M,Drama|Thriller,88
157,Austine Blodgett,Delaware,O,Comedy|Romance,62
158,Meade Rowlatt,Bellgrove,F,Crime|Mystery|Thriller,30
159,Diana Gilfether,Oak,O,Mystery|Romance|Western,95
160,Myrtie Rossborough,Village,M,Drama|Romance,35
161,Sonya Haime,Brentwood,O,Drama,38
162,Lev Lewzey,Troy,O,Drama,100
163,Galven Cleeve,Susan,O,Documentary,77
164,Clemens Blount,Fulton,M,(no genres listed),43
165,Drusie Fold,Dwight,O,Comedy,48
166,Fawnia Fishley,Paget,O,Drama|Horror,96
167,Pepito Cordeau,Iowa,F,Drama,35
168,Ronnie Myhill,Merchant,O,Drama,95
169,Lettie Bartul,Schiller,F,Adventure|Romance,82
170,Jesse Ridett,Duke,F,Comedy,24
171,Kent Olcot,Utah,F,Drama|War,16
172,Tani Kilgrove,Tony,M,Action|Adventure,99
173,Marni Halleybone,Badeau,M,Thriller,82
174,Agna Brise,Esker,M,Comedy,68
175,Lavina Britee,Armistice,F,Drama|Thriller,43
176,Vasili Fewless,Buell,F,Comedy,36
177,Alejandra Berzen,Red Cloud,F,Comedy,39
178,Karlyn Mithon,3rd,O,Action|Horror,92
179,Hymie Bottrell,Bunker Hill,F,Action|Adventure|Drama,98
180,Donetta MacKain,Buena Vista,F,Drama,43
181,Xavier Krishtopaittis,Hazelcrest,M,Action|Comedy,91
182,Lionello Reinhard,Straubel,F,Drama|Romance,72
183,Arabela Wiburn,Hermina,F,Drama|Musical|Romance,57
184,Noni Exley,Sherman,O,Action|Fantasy|Horror|Thriller,58
185,Ellwood Masey,Arrowood,O,Adventure|Fantasy,53
186,Faun Covelle,Golf View,M,Comedy|Romance,58
187,Zia Graysmark,Dunning,O,Comedy,20
188,Chantal Leith,Dwight,O,Comedy|Musical,55
189,Fenelia Curton,Atwood,F,Action,41
190,Smith Braferton,Rutledge,O,Comedy|Romance,35
191,Nerty Dalla,Marquette,F,Adventure|Drama,38
192,Erin Rowett,Colorado,O,Drama|Romance,92
193,Garrik Skeats,Johnson,F,Thriller,47
194,Deeanne Chicotti,Graedel,F,Comedy|Drama,100
195,Latrina Chapellow,Stone Corner,F,Comedy,44
196,Meghan Novotni,Brickson Park,O,Drama|Romance,89
197,Brand Bisiker,Haas,M,Documentary,76
198,Doralia De Maine,Golf Course,O,Horror|Thriller,88
199,Aleece Attril,Declaration,O,Comedy|Crime,29
200,Fannie Cannon,Southridge,M,Animation|Children|Comedy,48
201,Letitia Gantzer,Laurel,O,Animation|Children|Comedy|Drama,49
202,Onfroi Selliman,Artisan,O,Comedy|Drama|Romance,88
203,Teriann Greenhaugh,Truax,O,Comedy|Drama,20
204,Rhonda Gilliat,Holmberg,O,Drama|Romance,81
205,Lina Jewster,Clove,O,Drama,50
206,Marty Knightly,Kenwood,O,Action|Crime|Mystery,28
207,Stavros Greenset,Golf View,M,Drama,44
208,Waneta Bridgwater,Service,F,Crime|Drama|Thriller,57
209,Jacquelyn Gemlett,Anzinger,O,Drama,26
210,Wynn Elman,Northport,F,Drama,88
211,Yuma Dufore,Oneill,O,Comedy|Drama,69
212,Odey Pavinese,Coleman,F,Horror|Mystery,82
213,Hester Stannas,Lotheville,O,Documentary,67
214,Jerrold McLanachan,Heath,O,Action|Adventure|Thriller|War,62
215,Jarrid Bortolini,Milwaukee,O,Drama|War,64
216,Rici Kosel,Mariners Cove,O,Comedy,46
217,Burr Attac,La Follette,O,Comedy|Drama,25
218,Norby Thicking,Holmberg,O,Adventure|Comedy|Fantasy|Horror,85
219,Esta Stoyles,Scofield,M,Adventure|Drama,24
220,Gerti Vedmore,Bartillon,M,Horror|Thriller,49
221,Jaquith Schlagman,Blackbird,F,Comedy|Drama,91
222,Susana Ciraldo,Fisk,M,(no genres listed),80
223,Lissi Reicherz,Spaight,M,Horror|Thriller,66
224,Georgina Langcaster,Sunfield,O,Adventure|Children|Comedy,26
225,Chan Grabban,Thompson,M,Comedy|Romance,95
226,Ches Vanacci,Helena,O,Drama,25
227,Vanny Boddymead,Hansons,O,Comedy|Crime,60
228,Mohandis Girdlestone,Crowley,O,Action|Drama,61
229,Lula Blas,Southridge,M,Drama|Musical,88
230,Barron Emblin,Clove,M,Action|Thriller,63
231,Clotilda Klaessen,Morningstar,M,(no genres listed),31
232,Selby Stanlake,Mariners Cove,O,Thriller,42
233,Carlynn Rawls,Buhler,O,Drama|Sci-Fi,62
234,Lemmy MacVanamy,Arapahoe,M,Drama,16
235,Winny Haly,Starling,F,Drama,76
236,Andros Leindecker,Chive,F,Action|Drama,19
237,Peterus Aubrey,Tony,M,Crime|Drama|Romance|Thriller,85
238,Lek McDowell,Glacier Hill,M,Comedy,53
239,Klaus Bosence,Carey,F,Comedy|Fantasy|Horror|Thriller,88
240,Christiane Senett,Towne,M,Drama|Horror|Mystery,90
241,Quinton Ruddock,Havey,F,Drama|Romance,96
242,Fiorenze Callcott,Dunning,M,Comedy|Documentary,84
243,Magdalen Gartsyde,Springview,M,Drama,97
244,Gradeigh Elman,Carpenter,O,Drama|Mystery,20
245,Codi Swatten,Atwood,O,Action|Adventure,45
246,Marina Gever,Vernon,O,Comedy|Drama,36
247,Emery Popley,Holmberg,F,Drama,44
248,Talyah Simmans,Corry,O,Drama|Romance,50
249,Ailbert Mavin,Hoepker,O,Drama,71
250,Ange Crutchfield,Muir,O,Drama,49
251,Cacilie Stare,Lake View,F,Horror|IMAX,88
252,Win Huggett,Muir,O,Drama,75
253,Chere Checci,Cambridge,F,Drama,63
254,Noreen Maso,Lyons,M,Drama,25
255,Freddie Helgass,Kipling,O,Drama|Thriller,32
256,Tomi Mackin,Westerfield,F,Action,64
257,Meggie Siddele,Golden Leaf,M,Comedy|Drama|Romance,58
258,Alvy Simmgen,Butterfield,F,Drama|Romance,78
259,Kellen O'Neill,Debra,O,Comedy,79
260,Natty Thacker,Nancy,F,Drama,88
261,Beret Dakhno,Maple Wood,M,Comedy,24
262,Francisca Dudden,Harbort,O,Comedy|Sci-Fi,77
263,Dave Bunworth,Grover,F,Comedy|Musical|Romance,63
264,Roman Farman,Lien,M,Drama|Romance,73
265,Alistair Latour,Oneill,M,Drama,74
266,Karlene De La Hay,Londonderry,F,Comedy|Romance,23
267,Cristin Sapsforde,Scott,O,Adventure|Drama,83
268,Lori Hollibone,Cody,O,Drama,31
269,Waite Heffy,Barby,O,Crime|Thriller,77
270,Claiborn Anwell,Daystar,M,Comedy|Drama|Romance,66
271,Isidro Wartonby,Sunbrook,O,Crime|Drama|Thriller,26
272,Janella Maffulli,Texas,O,Comedy|Musical|Romance,54
273,Harriott Pretsell,Towne,M,Action|Drama,75
274,Matilda Simmans,Spohn,O,Action|Comedy|Mystery|Romance,51
275,Shirl Rookwell,Porter,O,Drama,41
276,Hendrika Oscroft,Arrowood,F,Drama,48
277,Lory McCullouch,Eagan,F,Comedy,66
278,Laurianne Farra,Kensington,F,Drama,39
279,Dinah Najera,Oriole,M,Action|Thriller,96
280,Maxi Pryell,Caliangt,F,Drama|Horror,46
281,Ari Pickin,Hanover,F,Comedy,76
282,Shae Woolstenholmes,Cordelia,O,Comedy,61
283,Haslett Willetts,Banding,O,Comedy,83
284,Karly Boughtwood,Laurel,F,(no genres listed),72
285,Desmond Pinsent,La Follette,F,Comedy,88
286,Livvyy Blowne,Pierstorff,M,Adventure|Sci-Fi|Thriller,67
287,John Claybourne,Bay,O,Drama,81
288,Colleen Kitter,Forest Dale,M,Action|Animation,96
289,Nollie Barnwall,Schiller,M,Drama|War,75
290,Kelley Titcombe,Fair Oaks,F,Documentary,33
291,Millard McCullouch,Schurz,O,Action|Adventure|Children|Fantasy,92
292,Shelli Cholwell,Bowman,F,Comedy|Romance,64
293,Ravi Lyddy,Sage,O,Drama,35
294,Pauli Broadwell,Express,O,Drama|War,86
295,Willow Vedeneev,Vahlen,O,Comedy|Romance,63
296,Shae Wansbury,Old Shore,O,Drama,61
297,Adamo Francesch,Dapin,M,Action|Drama|Fantasy|Horror|Thriller|War,100
298,Laraine Lautie,Sachtjen,O,Drama|Romance,69
299,Marlon Scotts,South,M,Comedy|Fantasy|Musical,60
300,Barnard Renner,Tennyson,M,Crime|Drama,99
301,Fanchette Dandison,Lukken,M,Drama,27
302,Alastair Cashin,Hanover,M,Adventure|Children,42
303,Dunc Whichelow,Shelley,O,Adventure|Crime|Thriller,21
304,Cathleen Kingsnod,Harbort,M,Film-Noir|Thriller,50
305,Natasha Ethington,Hanover,M,Documentary,81
306,Jordan Rominov,Golf View,M,Comedy|Horror,55
307,Ingelbert Hornbuckle,Kennedy,F,Drama|Romance,71
308,Stepha Yakuntzov,Welch,O,Animation|Children,81
309,Georgy Ellerey,Arapahoe,O,Comedy|Drama,43
310,Fin Legge,Carberry,O,Children|Comedy,80
311,Kristofer Cowap,Fulton,O,Horror,39
312,Joye Deaconson,Reindahl,F,Comedy|Drama,33
313,Feliza Aspey,Thompson,O,Children|Drama,92
314,Sherill Puddifer,Longview,F,Action|Crime|Drama,45
315,Lorenza Sermin,Bultman,F,Comedy|Romance,65
316,Wake Espinas,Tennyson,M,Action|Thriller,20
317,Walliw Davydenko,Kim,F,Comedy|Drama|Romance,97
318,Carmina Alessandrini,Oakridge,F,Comedy,48
319,Teirtza Pynn,Maple,F,Drama|Thriller,48
320,Dre Canlin,Anniversary,F,Adventure|Romance,61
321,Adlai Fransewich,Sloan,F,Action,98
322,Winston Kinver,Orin,O,Documentary|Musical,59
323,Lindsay Mumby,Corry,F,Drama,52
324,Arlen Weeds,Kropf,O,Drama|Romance,79
325,Dalli Trayte,High Crossing,F,Crime|Drama|Thriller,26
326,Tomi Yerby,Mayer,F,Mystery,61
327,Michelle Roddam,Merrick,O,Drama|War,28
328,Zenia McColl,Meadow Valley,M,Horror|Thriller,83
329,Cyrill Lintot,Eagle Crest,O,Drama,44
330,Kaja Chapier,Burning Wood,O,Romance,67
331,Beckie Hordle,8th,F,Action|Thriller,52
332,Garwin Keggins,Logan,O,Drama,42
333,Job Brantzen,Anzinger,O,Drama|Musical,64
334,Midge Armfield,Canary,M,Action|Adventure|Comedy|Sci-Fi,33
335,Ivan Wasiela,Walton,F,Drama|Thriller,42
336,Tabbie Arondel,Summer Ridge,O,Drama,46
337,Henrieta Cuttle,Schmedeman,O,Horror,54
338,Wilhelmina Redihough,Stephen,O,Comedy|Drama,19
339,Van Tyght,Maywood,F,Adventure|Comedy|Fantasy|Sci-Fi,47
340,Terry Bailey,Pierstorff,O,Drama|Romance,54
341,Essie Grimsley,Knutson,O,Comedy|Musical|Romance,81
342,Garwood Tatlock,Sycamore,O,Drama|Romance,56
343,Tobit Bell,Haas,F,Comedy|Drama,83
344,Alvina Padwick,Sunfield,O,Comedy,51
345,Lucien McCorry,Charing Cross,O,Drama,59
346,Gloriana MacCracken,Lighthouse Bay,F,Adventure|Children|Fantasy,95
347,Rora Birtle,Sage,F,Drama,78
348,Allx Boddie,Hauk,O,Comedy,62
349,Addy Curnnok,Erie,M,Action|Drama|Romance|Thriller,24
350,Jake Quartermain,Knutson,F,Crime|Drama|Thriller,70
351,Bobbye MacCoveney,Monument,F,Adventure|Animation|Children,84
352,Nahum McKitterick,Claremont,F,Horror|Mystery|Thriller,93
353,Cassius Hilland,Nobel,O,Comedy,38
354,Emerson Bocken,Eastlawn,O,Drama,27
355,Denys Huckerby,Ryan,O,Comedy,16
356,Margaux Arlow,Evergreen,O,Drama|Romance|Sci-Fi,79
357,Liva Loughlin,Hayes,M,Thriller|War,45
358,Liliane Brundill,Hoard,O,Drama,76
359,Theodora Barensky,Lawn,O,Drama,74
360,Hilario Braidwood,Forster,O,Adventure|Animation|Children|Drama|Sci-Fi,19
361,Ahmad Weller,Stuart,M,Comedy|Musical,54
362,Melba Barrowcliffe,Lotheville,F,Action|Drama|Romance|War,46
363,Amalee Postle,Tony,F,Comedy|Crime,50
364,Adeline Maris,Waubesa,M,Adventure|Fantasy|Sci-Fi,37
365,Robinet Arenson,Eagan,O,Adventure|Documentary,90
366,Yank Farrear,Steensland,O,Comedy,61
367,Perla Lowles,Aberg,M,Comedy|Drama,19
368,Rube Leger,Carioca,M,Drama,71
369,Nevin Bathoe,Golden Leaf,M,Action|Adventure|Comedy|Drama,39
370,Tamma Dykas,La Follette,O,Crime|Drama,35
371,Rowe Vogl,Katie,F,Comedy|Fantasy|Romance,55
372,Sada Boyer,Northridge,F,Action|Comedy|Crime|Western,77
373,Gunner Macbane,Union,F,Drama,90
374,Deane Spritt,Southridge,F,Drama,73
375,Panchito MacFadzean,Bunker Hill,M,Drama,80
376,Ileana Kembry,Bellgrove,M,Comedy|Drama,96
377,Harry McAnalley,Huxley,F,Drama|Horror|Thriller,73
378,Quint Fortin,Nobel,O,Comedy,40
379,Mile Aleksandrev,Stuart,F,Action|Drama|Musical|Romance,32
380,Junina Broz,Derek,M,Drama,81
381,Christye Cramer,Valley Edge,F,Comedy|Drama,77
382,Jannel Mattei,Cascade,M,Drama,91
383,Maxwell Braams,Cherokee,O,Crime|Drama,57
384,Windy Maltman,Sloan,O,Drama,81
385,Chaunce Breton,Burning Wood,O,Comedy|Crime|Drama,22
386,Daryl Henstone,Anthes,O,Comedy,74
387,Even Hilbourne,Parkside,O,Action|Adventure|Drama|War,79
388,Harri Ivanchenkov,Almo,O,Action|Adventure|Fantasy,90
389,Mervin Doy,Lighthouse Bay,O,Drama,46
390,Benedikt Hickisson,Reindahl,O,Drama|Romance,82
391,Hirsch Claypole,Nelson,F,Drama|Romance,62
392,Konrad McAuslene,Dapin,O,Drama,98
393,Griff Paty,Manufacturers,O,Comedy|Drama,21
394,Marigold Yeatman,Toban,O,Crime|Drama,57
395,Warner Conahy,Calypso,O,Drama|Sci-Fi|Thriller,41
396,Arielle Salery,Lukken,F,Crime|Drama,94
397,Mikkel Romaine,Vidon,O,Horror,86
398,Nigel Oret,Debs,F,Drama|Romance,73
399,Jaquelyn Alldridge,Cardinal,M,Documentary,30
400,Leon Marcinkowski,Charing Cross,O,Action|Drama|Sci-Fi,17
401,Herb Faraker,Lunder,O,Adventure|Comedy|War,57
402,Kippy Hastler,Gateway,O,Adventure|Drama,31
403,Kelila Lovekin,Rusk,O,Drama,84
404,Fabiano Hopkynson,Fallview,M,Drama,23
405,Clarissa Borrill,Ludington,F,Action|Animation|Crime|Sci-Fi|Thriller,16
406,Dahlia Sennett,Pond,M,Comedy,33
407,Ilyssa Cattroll,Heath,M,Horror,16
408,Buiron Matteacci,Utah,O,Drama|Thriller,41
409,Jimmie McKellar,Hovde,M,Crime|Drama,40
410,Kitti Udale,Ronald Regan,O,Drama,18
411,Justis Mellows,John Wall,F,Children|Comedy|Fantasy,26
412,Kimberlee Clamp,Riverside,O,Action|Adventure|Horror,53
413,Cristina Millington,Morningstar,O,Children|Comedy|Fantasy,47
414,Garnette Brettelle,Trailsway,O,Drama|Romance,67
415,Fletcher Rothery,Elka,F,Adventure|Drama,37
416,Richie Adriaens,Kennedy,O,Drama|Horror|Thriller,51
417,Gino Insoll,Autumn Leaf,O,Comedy,90
418,Lyndell Finley,Canary,F,Documentary,70
419,Libbie Carrel,David,O,Action|Comedy|Thriller,62
420,Olga Baurerich,Westerfield,F,Drama,58
421,Euell Hardaway,Park Meadow,M,Comedy|Drama,62
422,Terrill Gossage,Ilene,M,Comedy|Drama|Romance,93
423,Onofredo Cosgrive,Paget,M,Comedy|Documentary|Drama,60
424,Giusto Penticoot,Alpine,M,Comedy|Musical|Romance,44
425,Morgen Florio,Kennedy,O,Thriller,33
426,Berty Bilsland,American Ash,O,Documentary,81
427,Erika Rao,Carey,O,Drama|Musical|Romance,97
428,Gilemette Chesterton,Mandrake,O,Drama,43
429,Alisun Girardeau,Golf View,O,Crime|Drama|Horror,31
430,Chauncey Mowsdell,Tennyson,O,Sci-Fi,71
431,Quillan Rumke,Raven,O,Action|Comedy|Crime|Drama,35
432,Imojean Durnan,Vahlen,O,Action|Drama,15
433,Haskel Swaddle,Leroy,O,Western,18
434,Moises Muston,Hanson,M,Animation|Children,35
435,Hashim Borres,Oakridge,F,Drama|War,37
436,Brooke Rhubottom,Vernon,O,Comedy|Romance,34
437,Joycelin Pagram,Golf,O,Comedy,93
438,Ethe Knoton,Knutson,F,Drama,31
439,Miller Pardue,Union,O,Sci-Fi,80
440,Rand Piotrkowski,Elgar,F,Drama,80
441,Norry Chettoe,Truax,M,Drama|Romance,58
442,Joey Boden,Springview,F,Drama|War,99
443,Eula Olivari,Forest,M,Comedy,23
444,Lela Osler,Southridge,O,Documentary|IMAX,63
445,Sula Corish,Express,O,Documentary,89
446,Buck Stoop,Rockefeller,O,Animation|Comedy,94
447,Gustaf Wanklyn,Orin,O,Drama|Romance,49
448,Tanner Riggeard,Carioca,F,Drama|Romance,39
449,Carolyne O'Ferris,Mallard,O,Adventure|Drama,60
450,Alonzo Ibell,Dennis,F,Action|Horror|Mystery|Thriller,73
451,Corina Clifford,Spohn,O,Documentary,40
452,Celestine Youngs,Anniversary,O,Drama|Sci-Fi|Thriller,72
453,Tuck Bowbrick,Ramsey,O,Drama,30
454,Maje Hanlon,Aberg,O,Documentary,87
455,Kayne Bosworth,Portage,M,Adventure|Drama|Thriller,55
456,Garek Hallowes,Dwight,M,Crime|Drama,67
457,Aridatha Purseglove,Prentice,M,Drama,84
458,Carmel Heinicke,Old Shore,O,Action|Mystery|Sci-Fi,97
459,Bryanty Beldan,Cody,O,Action|Adventure|Comedy,97
460,Ianthe Rodolf,Armistice,O,Documentary,60
461,Norene Guillain,Hanson,O,Action|Drama|War,100
462,Sindee Rennels,Thackeray,O,Comedy,100
463,Corby Blogg,Melvin,O,Drama,79
464,Chantalle Bonaire,Hanover,O,Horror,56
465,Marty Bwye,Northfield,O,Action|Drama,72
466,Daffy Martindale,Graedel,F,Action|Sci-Fi,47
467,Ward Dwerryhouse,Park Meadow,O,Comedy,58
468,Ollie Nowick,Morrow,O,Drama|Romance,47
469,Agretha Calloway,Schmedeman,O,Comedy,36
470,Gus Pickford,Milwaukee,O,Drama|Mystery|Thriller,51
471,Huntlee McKinnon,Gerald,O,Documentary,41
472,Inger Adriano,Hazelcrest,M,Drama,85
473,Leonore Hizir,Eggendart,O,Action|Adventure|Drama,71
474,Elena Lyenyng,Westridge,O,Children|Comedy|Sci-Fi,87
475,Guinevere Slaight,Helena,O,Drama|Romance,91
476,Sharla Goodsir,Bluejay,O,Documentary,35
477,Silvana Neesham,Green,O,Comedy|Romance,92
478,Pryce Glasscoo,Transport,M,Drama|War,78
479,Aland Sprionghall,Dahle,M,Crime|Horror|Thriller,95
480,Laurice Petrichat,Ilene,O,Documentary,33
481,Sheridan Grigoire,Veith,F,Documentary,93
482,Beverlee Crosen,Center,O,Adventure|Animation|Fantasy|Romance,80
483,Dickie Ortell,Londonderry,O,Documentary,51
484,Consalve Obispo,Farragut,O,Drama,36
485,Terese Lepick,Mariners Cove,F,Action|Drama,17
486,Cordy Pahler,Bobwhite,M,Comedy,28
487,Mortie Oleksinski,Dapin,F,Crime|Drama|Film-Noir|Mystery,70
488,Selma Abrehart,Darwin,F,Drama|Western,45
489,Florette Santarelli,Ridge Oak,O,Comedy,64
490,Neddy Tune,Algoma,F,Drama|Fantasy|Horror,70
491,Burlie Regardsoe,Autumn Leaf,O,Drama|War,87
492,Junette Barajas,Bultman,M,Adventure|Documentary,16
493,Vincenz McLafferty,Westend,O,Drama,87
494,Jaye Beeching,Katie,O,Horror|Thriller,89
495,Nicky Marfield,Esch,O,Action|Drama,27
496,Dulcy Emptage,Mariners Cove,O,Drama,39
497,Neilla Hallin,Green,O,Crime|Drama|Mystery,96
498,Giorgio Littlecote,Gateway,F,Drama|Thriller,66
499,Ruthi Baglow,Londonderry,O,Comedy|Drama|Romance,87
500,Davine Wipper,Anthes,O,Comedy|Drama|Thriller,88
501,Ford Margach,Dakota,O,Comedy,73
502,Lyndel Lestrange,Cardinal,F,Action|Adventure|Sci-Fi,31
503,Olivette Hosby,Ludington,O,Comedy,42
504,Karlene Heintsch,Talisman,F,Action|Comedy|Fantasy|Musical|Romance,22
505,Ashla Theis,Coolidge,O,Crime|Drama|Horror|Thriller,78
506,Wayland Culkin,Marquette,O,Adventure,96
507,Christophorus Grindell,Golden Leaf,O,Action|Thriller,89
508,Vera Lanchbery,Cherokee,O,Drama|Musical,92
509,Pansie Peyntue,Continental,F,Comedy,38
510,Cyrill Wilber,Cordelia,F,Crime|Drama,39
511,Bartlet Gerritsma,Norway Maple,M,Action|Adventure|Crime|Thriller,49
512,Courtnay Joannic,Northwestern,O,Adventure|Crime|Documentary,35
513,Farand Drew-Clifton,Cottonwood,O,Documentary,40
514,Murvyn Carlos,Marcy,O,Action|Adventure,52
515,Wheeler Mark,South,M,Drama,43
516,Hubert Boise,Fuller,M,Comedy|Drama|Fantasy,71
517,Rosalyn Boydon,Thompson,O,Western,27
518,Karilynn Cockell,Jay,O,Action|Drama,33
519,Parrnell Hargreaves,Bartillon,M,Adventure|Animation|Children,17
520,Roddy VanBrugh,Nelson,O,Romance|Western,23
521,Goddard Martinet,Northland,O,Crime|Drama,84
522,Sophia Lucien,Coleman,O,Drama|Fantasy|Romance,84
523,Dorotea Garrish,Golf Course,O,Drama|Romance,99
524,Hieronymus Cloake,Hovde,O,Comedy|Sci-Fi,42
525,Giraldo Sperrett,Schurz,F,Action|Horror|Sci-Fi,60
526,Kaitlyn Petroselli,Hauk,M,Drama|Romance,27
527,Stanleigh Heinssen,Shasta,O,Drama,76
528,Hercule Whittet,Lakewood,O,Comedy|Romance,31
529,Corrianne Tolwood,Larry,O,Adventure|Children,28
530,Aretha Kenwyn,Pleasure,F,Action|Comedy|Horror,96
531,Gayleen Gillatt,Lighthouse Bay,M,Drama,94
532,Rogers Duckham,Superior,O,Comedy|Drama,85
533,Bjorn Boshere,West,O,Horror,30
534,Zolly Gunthorp,Dottie,M,Drama|War,93
535,Tani Sarfas,Union,M,Comedy|Drama|Romance,94
536,Antonin Seiler,Clemons,O,Comedy,28
537,Marion Alberti,Loomis,F,Drama,50
538,Verine Pontin,Starling,O,Drama|Fantasy|Romance,76
539,Grange McGahey,Cascade,O,Comedy,50
540,Demetri Curneen,Cascade,M,Horror,21
541,Hilario Staves,Esch,F,Horror|Mystery|Thriller,64
542,Joyous Skunes,Grim,F,Crime|Drama,79
543,Zachariah Stancer,Dixon,F,Action|Comedy,23
544,Tarah Cadell,South,O,Comedy,92
545,Taddeo Mouat,Green,O,Adventure|Comedy,21
546,Rodolphe Magnar,Gerald,O,Documentary,51
547,Barclay Dabernott,Surrey,O,Documentary,62
548,Xaviera Barthot,Golf Course,F,Comedy,20
549,Jed Rantoul,John Wall,O,Western,25
550,Yvonne Ashwell,Ronald Regan,O,Drama,37
551,Price Oley,Sugar,O,Drama|Fantasy|Sci-Fi,46
552,Kalindi Goranov,Melrose,M,Drama,83
553,Sosanna Badland,Granby,F,Comedy,73
554,Alexis Spencook,Green,M,Drama,19
555,Selina Ridgers,Graceland,F,Adventure|Children|Comedy,57
556,August Ibbetson,Colorado,M,Comedy,16
557,Ernst Flack,Forest Run,M,Crime|Drama,20
558,Wenda Fryman,Messerschmidt,O,Comedy|Western,31
559,Fidela Rosenfelt,Brown,O,Drama,74
560,Saxon Falkner,Morning,O,Drama,93
561,Chandal Melan,Spenser,O,Comedy|Thriller,30
562,Celinda Waryk,Carpenter,F,Documentary,24
563,Morgen Simmance,Acker,F,Drama,44
564,Larisa Jedrys,Thierer,F,Comedy|Documentary,20
565,Anabel Ivimey,Parkside,F,Comedy,81
566,Antonina Kluge,Troy,O,Comedy|Romance,60
567,Janeva Gethen,Stone Corner,F,Drama,39
568,Octavia Jardein,Lawn,O,Drama,95
569,Kass Skeat,Stang,F,Drama,82
570,Quentin Nestle,Main,O,Adventure|Horror|Romance|Sci-Fi,41
571,Mathilde Satterlee,Esker,O,Comedy|Musical|Romance,28
572,Parrnell Houseman,Muir,O,Drama|Romance|War,99
573,Aldis Wharin,Homewood,F,Comedy|Documentary,24
574,Mariele Marconi,Gina,M,Comedy|Drama,19
575,Jeanine Swanbourne,Pearson,O,Drama,22
576,Melina Skeldon,Swallow,O,Horror|Sci-Fi|Thriller,83
577,Edvard Christauffour,Helena,O,Western,61
578,Eadith Cauldwell,Welch,O,Drama|Musical,16
579,Mitchell Burnsell,Summit,F,Crime|Drama,63
580,Ethelin Derdes,Mcbride,F,Drama,67
581,Stacee Danielsohn,Sauthoff,O,Comedy,21
582,Devora Colpus,Swallow,O,Drama|Fantasy|War,24
583,Persis Tatum,Ludington,O,Comedy|Drama,75
584,Percival Willars,Chinook,O,Documentary,41
585,Celina McClarence,Glendale,F,Western,29
586,Ursola Devenport,Quincy,F,Drama,87
587,Ninnetta Beardshall,Manitowish,M,Crime|Drama,85
588,Berkeley Kerrey,Macpherson,O,Drama,93
589,Rodina Brunnstein,Huxley,M,Drama|Thriller,43
590,Pauly Dufaire,Kipling,O,Drama,71
591,Fulvia Gaiger,Elgar,M,Comedy,33
592,Gabriello Lundberg,Forster,O,Adventure,35
593,Barbey Gorioli,American Ash,O,Animation|Children,39
594,Carroll Sirmond,Hoepker,M,Horror,28
595,Jemmie Stadding,Algoma,O,Drama,53
596,Aurea Keys,Mockingbird,M,Documentary,15
597,Briana Girdlestone,Coleman,O,Crime,54
598,Reena Walter,Knutson,O,Drama,32
599,Adina Trodd,Rowland,O,Adventure|Animation|Children|Comedy|IMAX,36
600,Gerhardine Lock,Weeping Birch,M,Adventure,23
601,Craggy Martinovsky,Buena Vista,O,Western,90
602,Verna Dohrmann,Boyd,F,Crime|Drama,65
603,Beck Gamlin,Oneill,F,Comedy|Musical,58
604,Etheline Exposito,Claremont,F,Drama,95
605,Eldredge O'Hartigan,Shasta,O,Action|Adventure|Drama,39
606,Dru Bertome,Main,O,Comedy|Romance,32
607,Milly Lehrmann,School,O,Action|Drama|War,98
608,Issy Keatch,Sherman,O,Comedy|Romance,86
609,Christy Aspey,Maple Wood,F,Drama,41
610,Linnie Rannald,Lillian,F,Comedy|Drama,63
611,Seamus Stolworthy,Harbort,O,Drama|Horror,63
612,Lewiss Casier,Ohio,M,Mystery,35
613,Collete Soal,Waywood,F,Thriller,86
614,Margarita Sleet,Saint Paul,M,Action|Adventure|Animation|Children|Comedy|Sci-Fi,70
615,Anya Pohlak,American Ash,O,Comedy,83
616,Irita Kay,Homewood,O,Action|Drama,60
617,Valerye Bodleigh,Springs,O,Comedy|Western,81
618,Hy Sporton,Del Sol,M,Comedy|Romance,82
619,Sheridan Vittery,Mifflin,M,Musical,78
620,Mord McCrillis,Paget,M,Comedy|Drama,76
621,Valentia Barajaz,Elgar,F,Documentary,36
622,Ab Ledford,Division,F,Film-Noir,83
623,Charil Pharaoh,Daystar,M,Western,39
624,Cesaro Oughton,Sloan,F,Comedy,58
625,Bengt Mateus,Kenwood,F,Western,51
626,Drucy Regenhardt,Montana,O,Drama,23
627,Enriqueta Schreurs,Maple Wood,M,Documentary,27
628,Shayne Lambot,5th,F,Action|Adventure|Animation|Sci-Fi,22
629,Ase Wheelwright,Leroy,O,Comedy|Musical|Romance,79
630,Nessie Tenpenny,Tomscot,O,Action|Adventure|Animation|Fantasy|Sci-Fi,58
631,Carma Mollindinia,Melvin,O,Drama,25
632,Gerladina Nix,Iowa,O,Drama|Romance,68
633,Ringo Fance,Lerdahl,O,Drama|Romance,24
634,Moll Nickless,Prairieview,O,Drama|Romance|Western,92
635,Gage Melton,Kensington,O,Comedy,36
636,Jemie Philliphs,Nelson,O,Action,55
637,Kassey Mellenby,Lunder,O,Comedy|Drama,25
638,Willow Fernier,New Castle,O,Crime|Drama,70
639,Kacie Renzini,Petterle,M,Romance|Thriller,44
640,Grant Baal,Johnson,M,Comedy|Drama,41
641,Bev Leggin,Summer Ridge,F,Documentary,58
642,Rafa Elcocks,Onsgard,O,Comedy|Romance,77
643,Tabbitha Huison,Longview,M,Comedy|Fantasy|Romance,38
644,Hiram Lindup,Brown,F,Thriller,69
645,Livia Bourgourd,Sauthoff,O,Drama|Romance,43
646,Vonnie Weston,Blaine,M,Horror,54
647,Alanah Blowne,Blaine,O,Comedy|Crime,98
648,Davine Omond,Gateway,F,Comedy|Musical,31
649,Annabelle Prestige,Loftsgordon,O,Comedy|Drama,58
650,Connie Ebrall,Manley,M,(no genres listed),21
651,Daffy Whetnall,Arapahoe,F,Documentary|Musical,30
652,Thedrick Shewring,Monument,O,Documentary,70
653,Kendre Urion,Myrtle,O,Action|Comedy,43
654,Tulley Kleinlerer,Russell,O,Comedy|Western,53
655,Ferdinande Kernan,Harbort,O,Comedy|Musical,73
656,Starr Dearlove,Valley Edge,F,Horror|Sci-Fi|Thriller,46
657,Roanna Hamber,Bowman,F,Documentary,80
658,Hermine Suddards,Bartillon,O,Comedy,51
659,Roselia Harlett,American,O,Crime|Drama|Mystery,70
660,Marinna Cobello,Gateway,F,Comedy|Drama,76
661,Ferdinande Kennagh,Moland,O,Adventure|Children|Fantasy|Musical,60
662,Eduino Abrahamsson,Ridgeview,M,Drama,65
663,Lyn Chaize,Oak Valley,F,Documentary,96
664,Dredi Hapke,Darwin,O,Adventure|Children,95
665,Celestia Sherrell,Morningstar,M,Drama|Romance,95
666,Aila Stronack,Myrtle,F,(no genres listed),31
667,Kaylyn Lambkin,Lillian,M,Drama|Romance,71
668,Delcina Scoterbosh,Arapahoe,O,Adventure|Children|Comedy|Fantasy|Mystery,15
669,Georgeanna Marsters,Oneill,F,Drama,83
670,John Stapforth,Packers,O,Horror|Mystery|Sci-Fi|Thriller,27
671,Christabel Grigoryev,Namekagon,O,Documentary,51
672,Cacilie Malan,Sutherland,O,Drama,63
673,Jonis Falco,Westridge,F,Drama|Romance,44
674,Olympie Atwood,Hayes,O,Drama|Horror,96
675,Nikolos Calderbank,Annamark,O,Comedy|Drama|Romance|War,66
676,Titos Clayworth,Golf View,M,Horror,42
677,Thomasin Crook,Cascade,M,Comedy|Drama|Romance,63
678,Abbye Najara,6th,O,Drama|Mystery|Romance|War,18
679,Andros Wallace,Lien,F,Western,68
680,Nevin Fabb,Dovetail,O,Drama,30
681,Flora Jellyman,4th,O,Drama,67
682,Esdras Brandsen,Service,F,Animation|Documentary,35
683,Micheline Dowling,Dixon,O,Comedy|Drama|Romance,77
684,Bertram Haill,Lake View,F,Drama,95
685,Gretchen Hartle,Boyd,F,Action|Comedy,32
686,Garreth Laurentino,Center,O,Drama,54
687,Bud Chatto,Bay,O,Drama,68
688,Robby Epple,Monument,F,Action|Drama,55
689,Errick Padden,Summit,O,Drama,59
690,Wyn Lintot,Anthes,F,Documentary,32
691,Fidel Gowdridge,Kipling,F,Drama|Horror|Thriller,56
692,Elle Watsham,Londonderry,O,Comedy|Romance,19
693,Arlyn Wenden,Gale,M,Drama|Romance,38
694,Tori Glew,Mccormick,F,Comedy|Romance,35
695,Cordula Camm,Springview,M,Action|Drama|Thriller,55
696,Gilberto Ezzle,Elgar,M,Comedy|Drama,33
697,Elvina Wickes,Ruskin,F,Crime|Drama|Thriller,54
698,Cyndia Folbige,Kenwood,O,Horror|Thriller,98
699,Cesare McGarva,Mariners Cove,M,Action|Drama,83
700,Ike Manby,Oriole,M,Drama|Horror|Thriller,50
701,Michaeline Lawtey,Summer Ridge,O,Drama|Romance,72
702,Marcella Klemz,Fieldstone,O,Drama|Film-Noir,69
703,Ashia Quixley,Steensland,F,Drama|Horror|Thriller,84
704,Olivie Bullivent,Westport,M,Horror|Thriller,79
705,Janenna Meeus,Memorial,M,Drama,54
706,Rik Domenichelli,Dexter,O,Comedy|Drama,21
707,Farrah Dumbrall,Morning,F,Adventure|Drama,60
708,Elmira Figure,Darwin,F,Drama,32
709,Ashly Gascoyne,Declaration,M,Horror|Mystery|Thriller,70
710,Humbert Hutcheson,Ryan,O,Comedy|Fantasy|Musical|Romance,96
711,Shaylynn Crockley,Brickson Park,O,Comedy,41
712,Mathian Andrick,Thompson,O,Comedy|Musical,83
713,Marcellina Milroy,Eastlawn,O,Comedy|Romance,30
714,Alice Gaiford,Melby,M,Documentary,91
715,Edee McKim,Annamark,F,Drama,85
716,Ottilie Withrop,Coolidge,O,Children|Comedy|Fantasy|Romance,56
717,Warden Hearnes,Onsgard,O,Action|Drama|Romance|War,51
718,Wolfy Treleven,Lighthouse Bay,F,Adventure|Drama|War,81
719,Dru Shute,Stang,O,Action|Fantasy|Horror|IMAX,67
720,Rena Estrella,Jackson,O,Documentary,90
721,Maurene Rignall,Talmadge,M,Drama,19
722,Yetta Maas,Green Ridge,O,Drama,20
723,Jemmy Ledwith,Roth,F,Drama,46
724,Gian McClay,Clove,O,Comedy,59
725,Leeland Sifleet,Sunbrook,O,Drama,100
726,Raynor Shearsby,Crest Line,O,Comedy|Drama,58
727,Ave Jefferd,Arrowood,F,Comedy|Drama,71
728,Barton Smallcombe,Reindahl,F,Film-Noir,92
729,Stevie Fortun,Manley,M,Drama,69
730,Drona Boxen,Mcbride,O,Action|Adventure|Sci-Fi,36
731,Barbabas Lindsell,Lien,O,Comedy|Documentary,49
732,Jelene Witton,Kim,M,Drama,77
733,Giffer Plevin,Kensington,M,Horror|Thriller,46
734,Leland Kurt,Vernon,F,Adventure|Animation|Children|Comedy|Musical,15
735,Bernetta Byng,Armistice,O,Action,52
736,Ramona Probyn,Becker,O,Documentary,24
737,Theodore Affron,Hanover,F,Action|Adventure|Drama|Fantasy,97
738,Clemmy Balstone,Oakridge,O,Documentary,53
739,Marlene Horbart,Ronald Regan,O,Action|Adventure|Drama|Romance|War,80
740,Jo-ann Chevalier,Welch,O,Comedy|Romance,20
741,Ashia Hanton,Banding,M,Comedy|Romance,54
742,Godfrey Goozee,Stone Corner,F,Comedy|Musical,89
743,Nealy Rubin,Stoughton,O,Comedy|Romance,87
744,Jard Gorler,Tony,F,Action|Adventure|Thriller,39
745,Leontine Coursor,Columbus,M,Drama,42
746,Reinhard Hubbuck,Burning Wood,O,Crime|Drama|Romance,24
747,Pammie Azemar,Birchwood,F,Drama|Romance,76
748,Rennie Dymidowicz,Aberg,O,Drama,86
749,Selia Womack,Mayfield,O,Crime|Mystery,18
750,Abba Slipper,Service,O,Documentary,74
751,Gannie Reddel,Arapahoe,M,Comedy,16
752,Hillel Fiveash,Chive,F,Drama|Romance,86
753,Lizzie Galton,Graceland,F,Documentary|Musical,78
754,Tristan Le Floch,Eliot,M,Adventure,71
755,Phil De Gregario,Oneill,O,Documentary,95
756,Merissa Rake,Londonderry,M,Crime|Drama|Sci-Fi|Thriller,25
757,Carroll Rockcliff,Lakewood,M,Action|Thriller,99
758,Aksel Rossant,Meadow Vale,F,Comedy|Musical,36
759,Mellicent Lesper,Hollow Ridge,O,Romance,45
760,Aron Niezen,Kensington,M,Action|Crime|Mystery,87
761,Jordan Goscar,Sunfield,O,Documentary,51
762,Willetta Ellerby,Victoria,O,Adventure|Children|Comedy,17
763,Reinhard Orsi,Blackbird,M,Drama,73
764,Robinet Casarino,Di Loreto,O,Action|Horror|Sci-Fi,83
765,Nikos Gerbi,Superior,F,Mystery,88
766,Christine McGovern,Golf Course,O,Comedy|Drama|Romance,99
767,Phelia Block,Green,O,Drama|Thriller,58
768,Sebastian Picard,David,F,Adventure,81
769,Lorenza Vivien,Steensland,O,Drama|War,83
770,Misha Figure,Mifflin,O,Action|Adventure,31
771,Hanson Faust,Calypso,O,Adventure|Comedy|Musical,62
772,Salomi Dowsing,Gerald,O,Comedy|Drama,69
773,Maryanna Medland,Dottie,F,Drama,33
774,Candie Molen,Bonner,O,Comedy|Drama,69
775,Laurie Tissiman,Maywood,M,Adventure|Drama,40
776,Warde Purvis,Magdeline,O,Drama,96
777,Melba Somner,North,F,Comedy|Drama,34
778,Lind Schwartz,Esker,O,Horror|Thriller,48
779,Vernen Origin,Weeping Birch,F,Action|Adventure|Drama,30
780,Pascale Sperwell,Stang,O,Drama|War,39
781,Vyky Grundle,Judy,M,Comedy|Drama,17
782,Ellette Temblett,Heffernan,M,Fantasy|Mystery|Sci-Fi,76
783,Doloritas Pinkett,South,F,Comedy|Romance,86
784,Ogden Littlejohns,Warrior,O,Drama|Romance,81
785,Erika Churchlow,Hanson,F,Comedy|Drama,88
786,Morgun Weiner,Dunning,O,Drama,63
787,Stormy Ivins,Anzinger,M,Musical,31
788,Miller Lambricht,Talisman,M,Drama,36
789,Demetre Purselow,Mifflin,O,Drama|War,69
790,Sebastiano Hobell,Twin Pines,M,Drama,96
791,Meggy Ballsdon,Shoshone,O,Animation|Comedy|Fantasy|Sci-Fi,91
792,Evangelin Desseine,Dorton,F,Adventure|Documentary,35
793,Melosa Monery,7th,O,Adventure|Drama|Fantasy|Romance,28
794,Lucien Pitrelli,Old Gate,O,Horror|Thriller,36
795,Dean Whittock,Hansons,O,Crime|Mystery|Thriller,59
796,Renault Lamont,South,O,Comedy|Horror|Sci-Fi|Thriller,56
797,Niki Teffrey,Main,M,Action|Crime|Drama,97
798,Jilleen Volkes,Pawling,O,Documentary,41
799,Floria Trighton,Londonderry,M,Action|Crime|Drama|War,100
800,Florry Bennett,Scoville,O,Thriller|Western,63
801,Wanids Swadon,Michigan,M,Action|Drama,21
802,Hanna Ensley,Graceland,O,Drama|Romance,70
803,Sawyer McClean,Oriole,O,Drama,63
804,Madalena Blunden,Westerfield,M,Comedy,44
805,Neala Georgievski,Warrior,F,Drama,100
806,Osmond Easdon,Bluestem,M,Comedy|Romance,49
807,Hillie Bruinemann,Dahle,M,Drama,27
808,Constantia Lumbley,Ridgeview,O,Documentary,44
809,Crosby Soulsby,2nd,F,Comedy,100
810,Arlen Bartak,Anderson,O,Drama|War,66
811,Herbert Draco,Veith,F,Drama|Romance|Thriller,15
812,Nicolais Vinnick,Summerview,F,Drama|Mystery|Romance,62
813,Jsandye Drackford,Graedel,O,Animation|Children|Comedy,34
814,Lyn Burk,Sunnyside,O,Comedy|Romance,23
815,Dee dee Durnan,Farwell,M,Horror,89
816,Rhoda Bathersby,Raven,O,Drama,32
817,Arabela Brudenell,Morrow,F,Drama,74
818,Rodina Wiffill,Jay,O,Comedy|Musical|Romance,65
819,Edlin Philippault,Garrison,F,Sci-Fi,25
820,Bale Klossek,Duke,O,Comedy,38
821,Redford Churchward,Hovde,F,Action|Comedy|Crime|Drama|Thriller,32
822,Edik Kinman,Marquette,O,Action|Sci-Fi|Thriller,28
823,Coral Ezzell,Porter,M,Horror|Sci-Fi,39
824,Allistir Tomaszkiewicz,Carey,M,Comedy|Romance,74
825,Spenser Siberry,6th,M,Thriller,16
826,Chick Cushelly,Pepper Wood,M,Adventure,35
827,Maribelle Burges,Manufacturers,M,Drama|Romance,55
828,Emmalyn Axel,Hudson,O,Drama,37
829,Ashlin Castello,Crest Line,O,Children,32
830,Nikos Newing,Arkansas,O,Drama|Thriller,86
831,Kristofor Bowkett,Elmside,F,Comedy|Drama|Fantasy|Mystery|Sci-Fi|Thriller,38
832,Andrea Aucott,Ridgeway,F,Drama,49
833,Zach Nagle,Reinke,O,Drama|Fantasy,97
834,Prentice Snookes,Killdeer,F,Comedy,86
835,Jerrie Bickell,Brentwood,O,Animation,36
836,Caitrin Riddock,Hoffman,M,Thriller,89
837,Goldarina Puve,Heath,M,Adventure|Animation|Children|Comedy,79
838,Dino Hembry,Anzinger,F,Comedy|Drama|Romance,83
839,Durante Reading,Carpenter,F,Comedy|Drama,76
840,Lauryn McCreedy,Arizona,F,Romance|Thriller,97
841,Nettle Rycroft,Mayer,O,Action|Adventure|Fantasy,37
842,Humbert Scramage,Cherokee,O,Drama|War,24
843,Patten Ing,Fairfield,O,Action|Adventure|Comedy|Crime,68
844,Ellene McOrkil,Alpine,M,Children|Comedy|Romance,23
845,Reinold Schlagh,Melby,O,Drama|Romance,54
846,Clayborn Laba,Comanche,O,Drama,39
847,Vasily Neary,Pierstorff,M,Action|Drama|Fantasy,49
848,Kellia Coumbe,Rigney,O,Adventure|Drama|Fantasy|Musical|Romance,95
849,Winston Stanway,Thompson,F,Drama,23
850,Janith Nickolls,Delaware,F,Drama|Romance,31
851,Odelinda Peinton,East,O,Crime|Drama,86
852,Urbano Paddison,Steensland,M,Adventure|Animation|Children|Comedy,56
853,Dacey Joust,Warrior,F,Documentary,78
854,Shaina Siddle,Doe Crossing,F,Animation|Children|Drama,29
855,Waldon Yarrington,Annamark,O,Action|Horror|Sci-Fi|Thriller,71
856,Adriana Scolts,Barnett,F,Drama,54
857,Gayleen Chambers,Declaration,O,Action|Crime|Drama,85
858,Katharine Bemlott,Westerfield,O,Drama,84
859,Kerry Niesel,Coleman,M,Drama|Musical,69
860,Raina Duthie,Lake View,O,Comedy|Drama,74
861,Muffin Beards,Lyons,O,Drama,22
862,Averill Sheppard,Marcy,M,(no genres listed),91
863,Belicia O'Kielt,Saint Paul,M,Comedy,36
864,Layne Swaine,Carberry,F,Comedy|Drama|Romance,67
865,Arlyne Claasen,Elka,O,Drama,46
866,Micheline Exelby,Swallow,M,Documentary,95
867,Melly Petrie,Rockefeller,O,Drama,37
868,Noelyn Minter,Thackeray,O,Action|Sci-Fi,79
869,Celina Micheu,Talmadge,M,Adventure|Children|Fantasy|Sci-Fi|Thriller,15
870,Brittany Gregine,Longview,M,Comedy|Drama,27
871,Jorey Satterfitt,Dovetail,F,Drama,34
872,Nil Lerway,Blue Bill Park,M,Drama,39
873,Jaclyn Saban,Debra,O,Comedy|Musical,64
874,Reta Aseef,Maywood,O,Horror|Sci-Fi|Thriller,85
875,Ilyssa Gallant,Eliot,O,Drama|War,64
876,Misti Creer,Harbort,F,Drama|Horror|Mystery,58
877,Merill Szabo,Sunnyside,O,Comedy|Romance,59
878,Hymie Ilewicz,Nancy,O,Animation|Children|Comedy,56
879,Mina Bunhill,Independence,O,Documentary,36
880,Norby Carnelley,Morningstar,O,Animation|Children|Fantasy|Romance,58
881,Annora Digwood,Briar Crest,O,Action|Crime|Horror,89
882,Tedda Filpo,Anzinger,F,Action|Sci-Fi|Thriller,81
883,Nathanil Rothwell,Summit,F,Action|Comedy|Western,40
884,Rosabelle Jankiewicz,Badeau,O,Action|Crime,83
885,Bat Kield,Briar Crest,O,Comedy|Drama|Fantasy|Romance,52
886,Valina Constanza,Shopko,O,Horror|Sci-Fi,34
887,Helge Bartosinski,Independence,F,Comedy|Drama,40
888,Trueman Vandrill,Talmadge,O,Documentary|War,91
889,Alfredo Guerner,South,F,Action|Horror|Thriller,35
890,Jesse Scothorne,Fallview,O,Documentary,56
891,Boyd Lovelace,Twin Pines,F,Drama|Romance,33
892,Kirby Davydochkin,Bashford,F,Drama,44
893,Orbadiah Place,Cambridge,O,Film-Noir|Thriller,95
894,Brendan Vautrey,Scofield,F,Romance|Western,42
895,Sallee Audiss,David,O,Drama,90
896,Ruy Sabathe,Everett,O,Drama|Romance|War,47
897,Gunther Spurr,Jay,M,Horror|Thriller,25
898,Spenser De Gregorio,Acker,F,Comedy,69
899,Agnes Briat,Forest Dale,M,Drama|Horror|Thriller,84
900,Jannel Pelos,Gulseth,O,Comedy|Musical,40
901,Salvidor Lief,Birchwood,M,Comedy|Drama|Romance,33
902,Judd Grimsdyke,Caliangt,O,Drama,47
903,Humfrey Ogley,Arapahoe,F,Comedy|Drama|Romance|Thriller,72
904,Hyacinthie Pahler,Helena,O,Comedy,65
905,Concordia Niblo,Rutledge,O,Horror|Thriller,34
906,Lula Bussetti,Magdeline,F,Drama|Romance,34
907,Paloma Voice,Sage,O,Crime|Drama|Film-Noir,16
908,Vania Leverton,Scoville,O,Romance|Thriller,71
909,Doroteya Bangley,Scoville,O,Drama|Romance|Western,19
910,Catlee Harkin,Stone Corner,O,Action|Adventure|Sci-Fi|Thriller,20
911,Kirby Farryan,Prairie Rose,O,Comedy|Drama,93
912,Gale Brimacombe,Northwestern,F,Adventure|Comedy|Drama,23
913,Koressa Oleszczak,Loomis,M,Drama,59
914,Ibbie Etchell,American Ash,O,Drama,72
915,Allis Jeal,Eliot,O,Comedy|Horror,96
916,Ralina Dickins,Macpherson,M,Documentary,58
917,Gladi Denisyuk,Straubel,F,Crime|Drama|Thriller,40
918,Bale Gill,Hanover,O,Comedy,66
919,Ceciley Viveash,Forest,F,Sci-Fi,81
920,Mellisent Fluck,Prentice,O,Comedy,79
921,Moore Servis,Lighthouse Bay,F,Musical,76
922,Antonio Le Page,Mendota,F,Documentary|Musical,94
923,Janean Southcott,Atwood,O,Drama,57
924,Ron Blinkhorn,Hoffman,M,Thriller,92
925,Anderea Lorkin,Superior,M,Comedy,48
926,Cathrine Warre,Thierer,M,Action|Comedy|Crime|Thriller,48
927,Spense Finnis,Fairview,F,Documentary|Drama,88
928,Chico Wanjek,Nova,M,Comedy,47
929,Wendy Ajean,High Crossing,O,Documentary,17
930,Hadria Mazin,Fulton,O,Drama|Mystery|Thriller,21
931,Celisse Cupitt,Beilfuss,O,Comedy,85
932,Joann Reisenberg,Summer Ridge,F,Comedy,39
933,Mitch Dever,Independence,O,Comedy,31
934,Balduin Pikhno,Aberg,F,Comedy|Documentary|Musical,59
935,Dody Foden,Everett,M,Comedy|Drama,68
936,Carson Sharper,Rockefeller,F,Drama|Horror,20
937,Korney Caudray,Lerdahl,F,Comedy,76
938,Carena Aitcheson,Burrows,O,Comedy|Crime,25
939,Abigale Taggerty,Steensland,O,Fantasy,87
940,Marya Spinola,Loomis,F,Drama|Sci-Fi,92
941,Winnie Atwater,Bartelt,F,Children|Comedy|Crime,42
942,Erna Offiler,Clove,M,Drama|Mystery,44
943,Doreen Hamilton,Glacier Hill,O,Drama,86
944,Mireielle Darte,Cascade,F,Drama,55
945,Franny Ferreira,Westerfield,M,Comedy|Drama|War,95
946,Esdras Timny,Monica,M,Drama|Horror,36
947,Annabal Edlyn,Independence,F,Drama|Thriller,79
948,Jay Outram,Prairieview,O,Drama,64
949,Nikolaos Bennough,Petterle,M,Crime|Drama,40
950,Theobald Olenchikov,Logan,O,Drama|Romance,89
951,Alie Hehnke,Gale,O,Drama,25
952,Edeline Creber,Manufacturers,O,Comedy,54
953,Heywood Yashanov,Melby,O,Horror|Thriller,33
954,Ezra Melby,Ramsey,O,Comedy,60
955,Davina Benton,Sloan,O,Comedy|Drama,81
956,Patsy Slyman,7th,O,Adventure,63
957,Berky Quinevan,Montana,F,Comedy|Horror|Romance,80
958,Virge Folkerts,Dawn,O,Action|Horror|Thriller,46
959,Aida Cuttelar,Quincy,O,Drama,38
960,Rory Shergold,Melvin,M,Comedy|Western,99
961,Jamil Laycock,Golf,M,Sci-Fi,79
962,Kingsley Stanistreet,Comanche,M,Comedy|Drama|Thriller,55
963,Arny Unworth,Welch,F,Drama,29
964,Luce Lukehurst,Karstens,O,Documentary,59
965,John Burgwyn,Lillian,M,Action|Drama,19
966,Oona Phlipon,Lake View,F,Thriller,54
967,Maryann Cleminson,Sheridan,O,Action,18
968,Elizabeth Phalp,Blackbird,F,Crime|Drama|Thriller,16
969,Ephrem Gossage,Pennsylvania,F,Drama,52
970,Ailey Westphal,Michigan,M,Adventure|Children|Fantasy,88
971,Riley Hurle,Northfield,F,Drama,92
972,Carline Yakovitch,Fisk,O,Documentary,23
973,Tailor Lightning,Carey,O,Comedy,55
974,Mathe Brennan,Marquette,F,Horror,76
975,Ceil Dubble,Namekagon,F,Drama,58
976,Urbain Fenton,Coleman,O,Action|Crime,24
977,Reginald Aim,Glacier Hill,O,Crime|Drama|Mystery,100
978,Ulrich Howship,Melody,O,Documentary,99
979,Lyell Handslip,Sullivan,O,Horror|Sci-Fi,80
980,Pavla Hayman,Hanover,M,Drama|Musical|Romance,22
981,Valera Collingworth,Leroy,O,Drama,73
982,Roderigo De Filippo,Cambridge,O,Drama,72
983,Abbye Gilkes,Prairieview,O,Comedy|Drama,81
984,Brinna Robbs,Northport,F,Documentary,60
985,Austine Grellis,Cambridge,M,Adventure|Drama|Western,25
986,Dion Coley,Crest Line,F,Documentary,99
987,Udall Lebbern,Anzinger,F,Documentary,30
988,Blinni Boodell,Meadow Vale,M,Drama,44
989,Hinda Able,Esker,M,Action|Drama|War|IMAX,64
990,Catharina McKinna,Hermina,O,Action|Drama|Sci-Fi|Thriller,68
991,Farlay Astlatt,Hudson,O,Crime|Drama|Film-Noir|Thriller,93
992,Mallory Goscomb,Cherokee,O,Drama,54
993,Tommie Pahlsson,Ramsey,F,Comedy|Romance,64
994,Nobie Ping,Bluestem,F,Drama|Romance,59
995,Brant Ianizzi,Sachs,M,Drama|Horror|Romance|Thriller,80
996,Cyrillus Tabbitt,Merry,F,Drama|War,53
997,Mollee Waumsley,Moulton,O,Documentary,54
998,Lillis Absalom,Heffernan,M,Drama,19
999,Horacio Moakler,Lindbergh,O,Documentary,91
1000,Helenka Van der Beek,Toban,O,Musical,24
